financier,country,first_fy,last_fy,n_years,n_gap_years,gap_years
IBRD,Namibia,2010,2026,4,13,"2012,2013,2014,2015,2016,2017,2018,2019,2020,2021,2022,2023,2025"
IDA,Syrian Arab Republic,2010,2026,5,12,"2013,2014,2015,2016,2017,2018,2019,2020,2021,2022,2023,2024"
IDA,Sudan,2011,2026,7,9,"2012,2013,2014,2015,2016,2017,2018,2019,2020"
IBRD,Cote d'Ivoire,2010,2026,12,5,"2013,2014,2015,2016,2017"
IBRD,Fiji,2010,2026,13,4,"2011,2012,2013,2014"
IBRD,Turkmenistan,2010,2026,14,3,"2018,2019,2020"
IBRD,Zimbabwe,2010,2026,14,3,"2012,2013,2018"
IDA,Central Asia,2010,2026,16,1,2025
IDA,Marshall Islands,2013,2026,13,1,2014
IDA,Mauritius,2010,2026,16,1,2025
IBRD,Trinidad and Tobago,2010,2026,16,1,2019
IDA,Zimbabwe,2014,2026,12,1,2018
IDA,Afghanistan,2010,2026,17,0,
IDA,Africa,2010,2021,12,0,
IBRD,Albania,2010,2026,17,0,
IDA,Albania,2010,2026,17,0,
IBRD,Algeria,2010,2018,9,0,
IBRD,Angola,2015,2026,12,0,
IDA,Angola,2010,2026,17,0,
IBRD,Antigua and Barbuda,2013,2026,14,0,
IBRD,Argentina,2010,2026,17,0,
IBRD,Armenia,2010,2026,17,0,
IDA,Armenia,2010,2026,17,0,
IBRD,Azerbaijan,2010,2026,17,0,
IDA,Azerbaijan,2010,2026,17,0,
IBRD,"Bahamas, The",2021,2026,6,0,
IDA,Bangladesh,2010,2026,17,0,
IBRD,Barbados,2010,2026,17,0,
IBRD,Belarus,2010,2026,17,0,
IBRD,Belize,2010,2026,17,0,
IDA,Belize,2025,2026,2,0,
IDA,Benin,2010,2026,17,0,
IBRD,Bhutan,2026,2026,1,0,
IDA,Bhutan,2010,2026,17,0,
IBRD,Bolivia,2010,2026,17,0,
IDA,Bolivia,2010,2026,17,0,
IBRD,Bosnia and Herzegovina,2010,2026,17,0,
IDA,Bosnia and Herzegovina,2010,2026,17,0,
IBRD,Botswana,2010,2026,17,0,
IDA,Botswana,2010,2024,15,0,
IBRD,Brazil,2010,2026,17,0,
IBRD,Bulgaria,2010,2026,17,0,
IDA,Burkina Faso,2010,2026,17,0,
IDA,Burundi,2010,2026,17,0,
IBRD,Cabo Verde,2012,2026,15,0,
IDA,Cabo Verde,2010,2026,17,0,
IDA,Cambodia,2010,2026,17,0,
IBRD,Cameroon,2010,2026,17,0,
IDA,Cameroon,2010,2026,17,0,
IDA,Caribbean,2010,2026,17,0,
IDA,Central Africa,2010,2026,17,0,
IDA,Central African Republic,2010,2026,17,0,
IDA,Central America,2010,2011,2,0,
IDA,Chad,2010,2026,17,0,
IBRD,Chile,2010,2026,17,0,
IDA,Chile,2010,2011,2,0,
IBRD,China,2010,2026,17,0,
IDA,China,2010,2026,17,0,
IBRD,Colombia,2010,2026,17,0,
IDA,Colombia,2010,2011,2,0,
IDA,Comoros,2010,2026,17,0,
IDA,"Congo, Democratic Republic of",2010,2026,17,0,
IBRD,"Congo, Republic of",2015,2026,12,0,
IDA,"Congo, Republic of",2010,2026,17,0,
IBRD,Costa Rica,2010,2026,17,0,
IDA,Costa Rica,2010,2011,2,0,
IDA,Cote d'Ivoire,2010,2026,17,0,
IBRD,Croatia,2010,2026,17,0,
IDA,Djibouti,2010,2026,17,0,
IBRD,Dominica,2010,2016,7,0,
IDA,Dominica,2010,2026,17,0,
IBRD,Dominican Republic,2010,2026,17,0,
IDA,Dominican Republic,2010,2023,14,0,
IDA,East Asia and Pacific,2025,2026,2,0,
IDA,Eastern Africa,2016,2021,6,0,
IDA,Eastern and Southern Africa,2022,2026,5,0,
IBRD,Ecuador,2010,2026,17,0,
IDA,Ecuador,2010,2023,14,0,
IBRD,"Egypt, Arab Republic of",2010,2026,17,0,
IDA,"Egypt, Arab Republic of",2010,2026,17,0,
IBRD,El Salvador,2010,2026,17,0,
IDA,El Salvador,2010,2026,17,0,
IDA,Equatorial Guinea,2010,2026,17,0,
IDA,Eritrea,2010,2012,3,0,
IBRD,Estonia,2010,2015,6,0,
IBRD,Eswatini,2010,2026,17,0,
IDA,Eswatini,2010,2026,17,0,
IDA,Ethiopia,2010,2026,17,0,
IDA,Fiji,2020,2026,7,0,
IBRD,Gabon,2010,2026,17,0,
IDA,"Gambia, The",2010,2026,17,0,
IBRD,Georgia,2010,2026,17,0,
IDA,Georgia,2010,2026,17,0,
IBRD,Ghana,2016,2016,1,0,
IDA,Ghana,2010,2026,17,0,
IBRD,Grenada,2010,2026,17,0,
IDA,Grenada,2010,2026,17,0,
IBRD,Guatemala,2010,2026,17,0,
IDA,Guinea,2010,2026,17,0,
IDA,Guinea-Bissau,2010,2026,17,0,
IDA,Guyana,2010,2026,17,0,
IDA,Haiti,2010,2026,17,0,
IDA,Honduras,2010,2026,17,0,
IBRD,Hungary,2010,2015,6,0,
IDA,IFC,2020,2026,7,0,
IBRD,India,2010,2026,17,0,
IDA,India,2010,2026,17,0,
IBRD,Indonesia,2010,2026,17,0,
IDA,Indonesia,2010,2026,17,0,
IBRD,"Iran, Islamic Republic of",2010,2026,17,0,
IBRD,Iraq,2010,2026,17,0,
IDA,Iraq,2010,2026,17,0,
IBRD,Jamaica,2010,2026,17,0,
IBRD,Jordan,2010,2026,17,0,
IDA,Jordan,2010,2026,17,0,
IBRD,Kazakhstan,2010,2026,17,0,
IBRD,Kenya,2019,2026,8,0,
IDA,Kenya,2010,2026,17,0,
IDA,Kiribati,2011,2026,16,0,
IBRD,"Korea, Republic of",2010,2014,5,0,
IDA,"Korea, Republic of",2010,2010,1,0,
IBRD,Kosovo,2010,2026,17,0,
IDA,Kosovo,2010,2026,17,0,
IDA,Kyrgyz Republic,2010,2026,17,0,
IDA,Lao People's Democratic Republic,2010,2026,17,0,
IBRD,Latvia,2010,2021,12,0,
IBRD,Lebanon,2010,2026,17,0,
IDA,Lebanon,2017,2026,10,0,
IBRD,Lesotho,2010,2013,4,0,
IDA,Lesotho,2010,2026,17,0,
IDA,Liberia,2010,2026,17,0,
IBRD,Lithuania,2010,2015,6,0,
IDA,MIGA,2019,2026,8,0,
IDA,Madagascar,2010,2026,17,0,
IDA,Malawi,2010,2026,17,0,
IBRD,Malaysia,2010,2012,3,0,
IDA,Maldives,2010,2026,17,0,
IDA,Mali,2010,2026,17,0,
IDA,Mauritania,2010,2026,17,0,
IBRD,Mauritius,2010,2026,17,0,
IDA,Mekong,2012,2020,9,0,
IBRD,Mexico,2010,2026,17,0,
IDA,"Micronesia, Federated States of",2014,2026,13,0,
IDA,"Mid East,NorthAfrica, Afghan, Pakistan",2026,2026,1,0,
IDA,Middle East and North Africa,2022,2025,4,0,
IBRD,Moldova,2010,2026,17,0,
IDA,Moldova,2010,2026,17,0,
IBRD,Mongolia,2020,2026,7,0,
IDA,Mongolia,2010,2026,17,0,
IBRD,Montenegro,2010,2026,17,0,
IDA,Montenegro,2010,2026,17,0,
IBRD,Morocco,2010,2026,17,0,
IDA,Morocco,2010,2025,16,0,
IBRD,Mozambique,2010,2015,6,0,
IDA,Mozambique,2010,2026,17,0,
IDA,Myanmar,2013,2026,14,0,
IDA,Nepal,2010,2026,17,0,
IDA,Nicaragua,2010,2026,17,0,
IDA,Niger,2010,2026,17,0,
IBRD,Nigeria,2010,2026,17,0,
IDA,Nigeria,2010,2026,17,0,
IBRD,North Macedonia,2010,2026,17,0,
IDA,North Macedonia,2010,2026,17,0,
IDA,OECS Countries,2022,2026,5,0,
IDA,Pacific 1,2026,2026,1,0,
IDA,Pacific Islands,2014,2026,13,0,
IBRD,Pakistan,2010,2026,17,0,
IDA,Pakistan,2010,2026,17,0,
IBRD,Panama,2010,2026,17,0,
IBRD,Papua New Guinea,2010,2026,17,0,
IDA,Papua New Guinea,2010,2026,17,0,
IBRD,Paraguay,2010,2026,17,0,
IDA,Paraguay,2010,2026,17,0,
IBRD,Peru,2010,2026,17,0,
IBRD,Philippines,2010,2026,17,0,
IDA,Philippines,2010,2026,17,0,
IBRD,Poland,2010,2026,17,0,
IBRD,Romania,2010,2026,17,0,
IBRD,Russian Federation,2010,2023,14,0,
IDA,Rwanda,2010,2026,17,0,
IDA,Samoa,2010,2026,17,0,
IDA,Sao Tome and Principe,2010,2026,17,0,
IDA,Senegal,2010,2026,17,0,
IBRD,Serbia,2010,2026,17,0,
IDA,Serbia,2010,2026,17,0,
IBRD,Seychelles,2010,2026,17,0,
IDA,Sierra Leone,2010,2026,17,0,
IBRD,Slovak Republic,2010,2016,7,0,
IBRD,Slovenia,2010,2015,6,0,
IDA,Solomon Islands,2010,2026,17,0,
IDA,Somalia,2019,2025,7,0,
IDA,"Somalia, Federal Republic of",2026,2026,1,0,
IBRD,South Africa,2010,2026,17,0,
IDA,South Asia,2020,2026,7,0,
IDA,South East Asia,2022,2024,3,0,
IDA,South Sudan,2013,2026,14,0,
IBRD,Sri Lanka,2012,2026,15,0,
IDA,Sri Lanka,2010,2026,17,0,
IBRD,St. Kitts and Nevis,2010,2020,11,0,
IDA,St. Kitts and Nevis,2010,2026,17,0,
IBRD,St. Lucia,2010,2026,17,0,
IDA,St. Lucia,2010,2026,17,0,
IBRD,St. Vincent and the Grenadines,2010,2021,12,0,
IDA,St. Vincent and the Grenadines,2010,2026,17,0,
IBRD,Suriname,2019,2026,8,0,
IDA,Suriname,2025,2025,1,0,
IDA,"Taiwan, China",2010,2012,3,0,
IDA,Tajikistan,2010,2026,17,0,
IDA,Tanzania,2010,2026,17,0,
IBRD,Thailand,2010,2026,17,0,
IDA,Thailand,2010,2012,3,0,
IDA,Thailand & Myanmar CMU,2025,2026,2,0,
IBRD,Timor-Leste,2014,2026,13,0,
IDA,Timor-Leste,2010,2026,17,0,
IDA,Togo,2010,2026,17,0,
IDA,Tonga,2010,2026,17,0,
IBRD,Tunisia,2010,2026,17,0,
IDA,Tunisia,2010,2023,14,0,
IBRD,Turkiye,2010,2026,17,0,
IDA,Turkiye,2010,2023,14,0,
IDA,Tuvalu,2012,2026,15,0,
IDA,Uganda,2010,2026,17,0,
IBRD,Ukraine,2010,2026,17,0,
IDA,Ukraine,2022,2026,5,0,
IBRD,Uruguay,2010,2026,17,0,
IBRD,Uzbekistan,2010,2026,17,0,
IDA,Uzbekistan,2010,2026,17,0,
IDA,Vanuatu,2010,2026,17,0,
IBRD,Viet Nam,2024,2026,3,0,
IDA,Viet Nam,2024,2026,3,0,
IBRD,Vietnam,2010,2023,14,0,
IDA,Vietnam,2010,2023,14,0,
IBRD,Western Africa,2010,2011,2,0,
IDA,Western Africa,2010,2021,12,0,
IDA,Western and Central Africa,2022,2026,5,0,
IBRD,World,2010,2018,9,0,
IDA,World,2017,2017,1,0,
IDA,"Yemen, Republic of",2010,2026,17,0,
IDA,Zambia,2010,2026,17,0,
